Index,N,HeapSpace,ElapsedTime

10,176,0.004000
100,1616,0.012000
1000,16016,0.008000
10000,160016,0.103000
100000,1600016,1.211000
1000000,16000016,5.425000
10000000,160000016,129.332000
30000000,480000016,397.606000
50000000,800000016,383.442000